color_rgb,proportion
"[240, 232, 223]",0.29933805814133907
"[186, 159, 134]",0.17029917380106313
"[121, 93, 72]",0.11093179692695362
"[37, 26, 19]",0.09721987252666531
"[216, 226, 236]",0.0720803006105845
"[240, 224, 231]",0.06368380385691724
"[230, 241, 236]",0.0511378213814997
"[21, 28, 44]",0.05021763130854734
"[135, 165, 189]",0.04659715328987989
"[72, 97, 124]",0.038494388156550194
